created_at,Temperature,Humidity
2025-10-16 00:03:37+00:00,22.9,70.0
2025-10-16 00:05:46+00:00,22.9,65.4
2025-10-16 00:18:38+00:00,23.0,63.7
2025-10-16 00:20:44+00:00,22.8,63.4
2025-10-16 00:25:00+00:00,23.0,62.7
2025-10-16 00:29:13+00:00,23.1,69.0
2025-10-16 00:31:17+00:00,23.0,61.0
2025-10-16 00:33:22+00:00,23.0,67.1
2025-10-16 00:35:27+00:00,23.2,69.2
2025-10-16 00:37:34+00:00,23.0,60.4
2025-10-16 00:39:40+00:00,23.1,68.8
2025-10-16 00:41:52+00:00,23.1,63.2
2025-10-16 00:44:03+00:00,23.0,66.0
2025-10-16 00:46:15+00:00,23.1,68.8
2025-10-16 00:48:22+00:00,22.9,61.5
2025-10-16 00:50:28+00:00,23.1,69.7
2025-10-16 00:52:33+00:00,23.0,61.0
2025-10-16 00:54:45+00:00,23.0,67.7
2025-10-16 00:56:53+00:00,23.1,66.6
2025-10-16 01:01:11+00:00,23.1,70.1
2025-10-16 01:03:16+00:00,22.9,60.0
2025-10-16 01:05:21+00:00,23.0,68.9
2025-10-16 01:07:25+00:00,23.0,62.6
2025-10-16 01:09:31+00:00,23.0,66.9
2025-10-16 01:11:36+00:00,23.1,68.1
2025-10-16 01:13:43+00:00,23.0,62.6
2025-10-16 01:15:49+00:00,23.1,70.5
2025-10-16 01:17:57+00:00,23.0,61.0
2025-10-16 01:20:03+00:00,23.1,69.1
2025-10-16 01:22:09+00:00,23.2,65.3
2025-10-16 01:24:13+00:00,23.1,65.8
2025-10-16 01:26:20+00:00,23.3,70.1
2025-10-16 01:30:38+00:00,23.3,69.2
2025-10-16 01:37:00+00:00,23.4,65.7
2025-10-16 01:41:11+00:00,23.4,68.9
2025-10-16 01:43:17+00:00,23.2,59.7
2025-10-16 01:45:25+00:00,23.3,69.6
2025-10-16 01:47:30+00:00,23.4,63.4
2025-10-16 01:49:35+00:00,23.3,67.4
2025-10-16 01:51:43+00:00,23.5,68.6
2025-10-16 01:53:54+00:00,23.3,63.1
2025-10-16 01:56:00+00:00,23.5,70.9
2025-10-16 01:58:13+00:00,23.4,61.0
2025-10-16 02:00:25+00:00,23.5,69.5
2025-10-16 02:06:50+00:00,23.7,69.0
2025-10-16 02:08:58+00:00,23.6,64.5
2025-10-16 02:13:13+00:00,23.7,62.1
2025-10-16 02:15:18+00:00,23.8,71.6
2025-10-16 02:17:23+00:00,23.9,66.1
2025-10-16 02:19:29+00:00,23.8,68.8
2025-10-16 02:21:33+00:00,24.0,70.8
2025-10-16 02:23:45+00:00,23.9,63.8
2025-10-16 02:25:52+00:00,24.1,71.8
2025-10-16 02:28:03+00:00,24.0,63.0
2025-10-16 02:30:08+00:00,24.1,69.1
2025-10-16 02:32:17+00:00,24.2,65.9
2025-10-16 02:34:24+00:00,24.1,65.5
2025-10-16 02:36:28+00:00,24.3,69.4
2025-10-16 02:38:40+00:00,24.1,61.6
2025-10-16 02:40:46+00:00,24.3,70.2
2025-10-16 02:43:00+00:00,24.3,63.1
2025-10-16 02:45:05+00:00,24.3,69.0
2025-10-16 02:47:12+00:00,24.5,65.7
2025-10-16 02:49:26+00:00,24.3,65.2
2025-10-16 02:51:31+00:00,24.6,69.6
2025-10-16 02:53:44+00:00,24.4,60.9
2025-10-16 02:55:52+00:00,24.6,68.7
2025-10-16 02:57:58+00:00,24.5,60.9
2025-10-16 03:00:02+00:00,24.6,67.2
2025-10-16 03:04:31+00:00,24.5,64.3
2025-10-16 03:06:38+00:00,24.7,69.1
2025-10-16 03:08:46+00:00,24.6,62.1
2025-10-16 03:28:13+00:00,24.9,61.2
2025-10-16 03:44:59+00:00,25.1,65.3
2025-10-16 03:47:11+00:00,25.2,63.4
2025-10-16 03:49:16+00:00,25.1,60.5
2025-10-16 03:51:22+00:00,25.2,65.7
2025-10-16 03:53:28+00:00,25.1,55.8
2025-10-16 03:55:33+00:00,25.2,64.4
2025-10-16 03:57:41+00:00,25.2,58.8
2025-10-16 03:59:47+00:00,25.1,62.3
2025-10-16 04:01:51+00:00,25.3,63.1
2025-10-16 04:04:03+00:00,25.1,57.9
2025-10-16 04:10:20+00:00,25.2,63.4
2025-10-16 04:12:25+00:00,25.3,59.6
2025-10-16 04:23:21+00:00,25.3,55.3
2025-10-16 04:27:33+00:00,25.4,58.3
2025-10-16 04:29:40+00:00,25.3,61.0
2025-10-16 04:36:13+00:00,25.4,63.6
2025-10-16 04:38:17+00:00,25.3,55.3
2025-10-16 04:40:29+00:00,25.4,63.4
2025-10-16 04:42:43+00:00,25.4,58.7
2025-10-16 04:44:56+00:00,25.3,61.1
2025-10-16 04:47:05+00:00,25.5,62.1
2025-10-16 04:49:17+00:00,25.3,57.4
2025-10-16 04:51:22+00:00,25.5,63.7
2025-10-16 04:53:26+00:00,25.4,54.5
2025-10-16 04:55:35+00:00,25.5,62.7
2025-10-16 04:57:44+00:00,25.5,58.0
2025-10-16 04:59:50+00:00,25.3,60.9
2025-10-16 05:04:10+00:00,25.3,56.7
2025-10-16 05:06:14+00:00,25.5,63.2
2025-10-16 05:29:20+00:00,25.4,57.4
2025-10-16 05:56:44+00:00,25.8,65.1
2025-10-16 05:58:53+00:00,25.7,57.1
2025-10-16 06:00:58+00:00,25.8,65.5
2025-10-16 06:03:04+00:00,25.9,58.2
2025-10-16 06:05:14+00:00,25.9,63.9
2025-10-16 06:09:25+00:00,25.9,59.7
2025-10-16 06:11:34+00:00,26.1,64.9
2025-10-16 06:28:35+00:00,25.9,54.4
2025-10-16 06:30:43+00:00,25.9,62.1
2025-10-16 06:34:56+00:00,25.8,59.8
2025-10-16 06:37:01+00:00,26.0,60.4
2025-10-16 06:39:07+00:00,25.8,55.1
2025-10-16 06:41:13+00:00,25.9,62.6
2025-10-16 06:43:17+00:00,25.9,55.1
2025-10-16 06:45:22+00:00,25.9,61.7
2025-10-16 06:47:28+00:00,26.0,58.7
2025-10-16 06:49:33+00:00,25.8,58.5
2025-10-16 06:51:38+00:00,26.0,63.0
2025-10-16 06:53:42+00:00,25.8,54.7
2025-10-16 07:04:06+00:00,25.8,55.6
2025-10-16 07:06:13+00:00,25.9,62.5
2025-10-16 07:12:31+00:00,25.9,58.3
2025-10-16 07:14:36+00:00,25.8,57.4
2025-10-16 07:16:40+00:00,26.0,61.4
2025-10-16 07:18:45+00:00,25.8,52.9
2025-10-16 07:20:56+00:00,25.9,61.3
2025-10-16 07:23:04+00:00,25.9,56.0
2025-10-16 07:25:13+00:00,25.8,60.0
2025-10-16 07:27:17+00:00,26.0,58.7
2025-10-16 07:29:22+00:00,25.7,55.9
2025-10-16 07:31:30+00:00,25.9,61.1
2025-10-16 07:33:36+00:00,25.7,52.4
2025-10-16 07:35:41+00:00,25.7,59.2
2025-10-16 07:37:47+00:00,25.8,54.0
2025-10-16 07:39:52+00:00,25.6,56.2
2025-10-16 07:42:01+00:00,25.7,58.7
2025-10-16 07:44:06+00:00,25.5,51.8
2025-10-16 07:46:11+00:00,25.6,59.1
2025-10-16 07:48:20+00:00,25.5,52.3
2025-10-16 07:50:27+00:00,25.4,58.1
2025-10-16 07:52:35+00:00,25.5,55.5
2025-10-16 07:54:41+00:00,25.2,54.8
2025-10-16 07:56:46+00:00,25.4,58.8
2025-10-16 07:58:58+00:00,25.2,50.5
2025-10-16 08:01:02+00:00,25.3,58.6
2025-10-16 08:03:07+00:00,25.3,52.8
2025-10-16 08:30:48+00:00,25.0,59.0
2025-10-16 08:33:00+00:00,25.1,54.9
2025-10-16 08:35:04+00:00,24.8,56.8
2025-10-16 08:37:09+00:00,25.1,58.0
2025-10-16 08:39:24+00:00,24.8,52.6
2025-10-16 08:41:30+00:00,24.9,59.8
2025-10-16 08:43:34+00:00,24.8,52.7
2025-10-16 08:45:40+00:00,24.8,60.4
2025-10-16 08:47:44+00:00,24.9,56.1
2025-10-16 08:49:48+00:00,24.6,56.2
2025-10-16 08:51:54+00:00,24.8,60.4
2025-10-16 08:53:58+00:00,24.6,52.2
2025-10-16 08:56:03+00:00,24.7,60.6
2025-10-16 08:58:09+00:00,24.7,54.6
2025-10-16 09:00:13+00:00,24.6,58.8
2025-10-16 09:02:18+00:00,24.8,58.3
2025-10-16 09:04:24+00:00,24.5,53.9
2025-10-16 09:06:28+00:00,24.7,60.4
2025-10-16 09:08:33+00:00,24.6,52.6
2025-10-16 09:10:37+00:00,24.5,59.6
2025-10-16 09:12:42+00:00,24.6,56.9
2025-10-16 23:13:13+00:00,20.8,75.7
2025-10-16 23:15:19+00:00,21.2,73.6
2025-10-16 23:17:32+00:00,21.2,74.5
2025-10-16 23:19:36+00:00,21.5,78.7
2025-10-16 23:21:40+00:00,21.9,75.1
2025-10-16 23:23:44+00:00,21.8,69.1
2025-10-16 23:25:51+00:00,22.1,74.6
2025-10-16 23:28:02+00:00,22.4,76.3
2025-10-16 23:30:11+00:00,22.4,64.1
2025-10-16 23:32:19+00:00,22.5,71.5
2025-10-16 23:34:32+00:00,22.7,74.6
2025-10-16 23:36:37+00:00,22.6,65.0
2025-10-16 23:56:03+00:00,22.8,63.6
2025-10-16 23:58:07+00:00,22.8,69.1
2025-10-17 00:02:38+00:00,23.0,69.9
2025-10-17 00:04:42+00:00,23.0,70.0
2025-10-17 00:06:49+00:00,23.1,68.7
2025-10-17 00:08:57+00:00,23.0,64.7
2025-10-17 00:11:06+00:00,23.2,70.6
2025-10-17 00:13:10+00:00,23.2,65.7
2025-10-17 00:17:37+00:00,23.2,62.7
2025-10-17 00:19:41+00:00,23.2,62.9
2025-10-17 00:21:55+00:00,23.4,70.1
2025-10-17 00:24:02+00:00,23.4,64.7
2025-10-17 00:26:07+00:00,23.4,69.4
2025-10-17 00:28:12+00:00,23.5,68.5
2025-10-17 00:30:26+00:00,23.4,66.8
2025-10-17 00:32:33+00:00,23.6,72.2
2025-10-17 00:39:01+00:00,23.6,65.3
2025-10-17 00:43:37+00:00,23.7,73.0
2025-10-17 00:52:23+00:00,24.4,74.9
2025-10-17 00:54:38+00:00,24.5,74.8
2025-10-17 00:56:51+00:00,24.3,63.0
2025-10-17 00:58:59+00:00,24.3,70.2
2025-10-17 01:01:06+00:00,24.4,72.4
2025-10-17 01:03:18+00:00,24.6,73.1
2025-10-17 01:05:30+00:00,24.3,62.7
2025-10-17 01:10:05+00:00,24.6,72.1
2025-10-17 01:12:11+00:00,24.6,72.1
2025-10-17 01:14:28+00:00,24.3,61.0
2025-10-17 01:16:42+00:00,24.3,69.3
2025-10-17 01:31:49+00:00,24.5,68.6
2025-10-17 01:33:54+00:00,24.6,70.6
2025-10-17 01:36:06+00:00,24.6,63.0
2025-10-17 01:38:17+00:00,24.4,65.2
2025-10-17 01:40:26+00:00,24.5,69.8
2025-10-17 01:42:39+00:00,24.7,67.6
2025-10-17 01:44:52+00:00,24.4,62.2
2025-10-17 01:46:59+00:00,24.6,68.6
2025-10-17 01:49:06+00:00,24.7,69.2
2025-10-17 01:51:15+00:00,24.5,59.2
2025-10-17 01:53:19+00:00,24.6,67.2
2025-10-17 01:55:30+00:00,24.5,58.9
2025-10-17 01:57:42+00:00,24.5,58.6
2025-10-17 01:59:47+00:00,24.6,66.2
2025-10-17 02:01:54+00:00,24.8,68.4
2025-10-17 02:10:32+00:00,24.8,65.0
2025-10-17 02:14:50+00:00,24.6,67.5
2025-10-17 02:23:36+00:00,24.8,69.4
2025-10-17 02:38:30+00:00,24.6,63.0
2025-10-17 03:02:52+00:00,24.9,68.7
2025-10-17 03:15:52+00:00,25.0,62.4
2025-10-17 03:20:36+00:00,25.0,66.3
2025-10-17 03:22:47+00:00,24.8,60.8
2025-10-17 03:34:26+00:00,24.9,61.5
2025-10-17 03:36:31+00:00,24.9,61.2
2025-10-17 03:38:44+00:00,24.9,65.7
2025-10-17 03:41:04+00:00,25.0,64.6
2025-10-17 03:45:46+00:00,25.1,67.9
2025-10-17 03:50:24+00:00,25.1,68.3
2025-10-17 03:57:27+00:00,25.1,59.3
2025-10-17 03:59:42+00:00,25.2,67.9
2025-10-17 04:01:55+00:00,25.2,60.7
2025-10-17 04:04:08+00:00,25.2,66.6
2025-10-17 04:06:20+00:00,25.3,63.1
2025-10-17 04:08:25+00:00,25.1,63.8
2025-10-17 04:10:35+00:00,25.4,65.6
2025-10-17 04:12:40+00:00,25.1,59.3
2025-10-17 04:14:54+00:00,25.3,67.0
2025-10-17 04:17:06+00:00,25.2,58.8
2025-10-17 04:19:14+00:00,25.2,66.0
2025-10-17 04:21:20+00:00,25.3,60.9
2025-10-17 04:23:27+00:00,25.2,63.1
2025-10-17 04:25:41+00:00,25.4,64.2
2025-10-17 04:27:49+00:00,25.2,58.4
2025-10-17 04:29:55+00:00,25.3,65.5
2025-10-17 04:36:45+00:00,25.3,58.0
2025-10-17 04:40:58+00:00,25.4,60.8
2025-10-17 05:47:02+00:00,25.7,57.8
2025-10-17 05:49:13+00:00,25.8,63.8
2025-10-17 05:51:18+00:00,25.8,60.2
2025-10-17 05:53:23+00:00,25.7,60.7
2025-10-17 05:59:41+00:00,25.7,63.8
2025-10-17 06:10:08+00:00,25.8,64.5
2025-10-17 06:12:13+00:00,25.6,55.2
2025-10-17 06:20:39+00:00,25.7,62.2
2025-10-17 06:22:44+00:00,25.5,55.4
2025-10-17 06:24:49+00:00,25.6,62.6
2025-10-17 06:26:53+00:00,25.5,55.4
2025-10-17 06:28:58+00:00,25.4,61.2
2025-10-17 06:31:02+00:00,25.5,60.5
2025-10-17 06:33:18+00:00,25.3,56.2
2025-10-17 06:35:23+00:00,25.4,62.9
2025-10-17 06:37:36+00:00,25.3,54.1
2025-10-17 06:39:41+00:00,25.3,62.8
2025-10-17 06:41:50+00:00,25.4,57.8
2025-10-17 06:43:55+00:00,25.3,61.8
2025-10-17 06:46:09+00:00,25.5,63.1
2025-10-17 06:48:15+00:00,25.2,57.5
2025-10-17 06:50:23+00:00,25.4,64.7
2025-10-17 06:52:30+00:00,25.3,56.2
2025-10-17 06:54:36+00:00,25.3,64.2
2025-10-17 06:56:46+00:00,25.4,59.4
2025-10-17 06:58:50+00:00,25.2,61.7
2025-10-17 07:00:57+00:00,25.4,63.2
2025-10-17 07:03:02+00:00,25.3,57.1
2025-10-17 07:05:08+00:00,25.4,64.6
2025-10-17 07:07:15+00:00,25.3,57.9
2025-10-17 07:09:20+00:00,25.3,62.3
2025-10-17 07:11:26+00:00,25.5,64.6
2025-10-17 07:13:31+00:00,25.2,55.7
2025-10-17 07:15:37+00:00,25.3,64.5
2025-10-17 07:17:45+00:00,25.4,60.1
2025-10-17 07:19:51+00:00,25.2,59.6
2025-10-17 07:21:58+00:00,25.4,63.7
2025-10-17 07:24:05+00:00,25.3,56.8
2025-10-17 07:26:09+00:00,25.2,60.9
2025-10-17 07:28:21+00:00,25.4,63.0
2025-10-17 07:30:27+00:00,25.3,55.2
2025-10-17 07:32:40+00:00,25.2,60.7
2025-10-17 07:34:47+00:00,25.3,62.4
2025-10-17 07:36:55+00:00,25.1,53.9
2025-10-17 07:39:02+00:00,25.1,60.3
2025-10-17 07:41:08+00:00,25.2,62.0
2025-10-17 07:43:20+00:00,25.0,54.2
2025-10-17 07:45:31+00:00,24.9,60.3
2025-10-17 07:47:42+00:00,25.0,61.7
2025-10-17 07:51:56+00:00,24.8,59.9
2025-10-17 07:54:05+00:00,25.0,61.6
2025-10-17 08:06:41+00:00,24.9,62.2
2025-10-17 08:12:59+00:00,24.9,63.4
2025-10-17 08:15:09+00:00,24.6,54.4
2025-10-17 08:17:22+00:00,24.7,62.9
2025-10-17 08:19:28+00:00,24.8,63.8
2025-10-17 08:21:33+00:00,24.6,56.5
2025-10-17 08:23:45+00:00,24.7,64.5
2025-10-17 08:42:51+00:00,24.6,65.3
2025-10-17 08:44:58+00:00,24.8,67.7
2025-10-17 08:47:10+00:00,24.7,60.7
2025-10-17 08:49:15+00:00,24.5,63.1
2025-10-17 08:51:27+00:00,24.7,68.0
2025-10-17 08:53:32+00:00,24.8,67.1
2025-10-17 08:55:41+00:00,24.5,60.2
2025-10-17 08:57:45+00:00,24.6,67.2
2025-10-17 08:59:51+00:00,24.8,69.4
2025-10-17 09:01:58+00:00,24.7,61.7
2025-10-17 09:04:06+00:00,24.5,64.3
2025-10-17 09:06:12+00:00,24.7,68.8
2025-10-17 09:08:18+00:00,24.8,69.7
2025-10-17 09:10:25+00:00,24.6,59.0
2025-10-17 09:12:31+00:00,24.6,67.1
2025-10-17 09:19:06+00:00,24.5,65.0
2025-10-17 09:21:11+00:00,24.7,70.1
2025-10-17 09:23:15+00:00,24.8,71.5
2025-10-17 09:25:26+00:00,24.7,63.0
2025-10-17 09:27:31+00:00,24.5,66.2
2025-10-17 09:31:42+00:00,24.8,71.1
2025-10-17 09:33:52+00:00,24.7,61.6
2025-10-17 09:35:57+00:00,24.6,66.6
2025-10-19 23:07:24+00:00,22.7,71.3
2025-10-19 23:09:28+00:00,23.1,69.0
2025-10-19 23:11:33+00:00,22.9,67.5
2025-10-19 23:13:37+00:00,23.2,71.6
2025-10-19 23:15:42+00:00,23.2,60.5
2025-10-19 23:17:47+00:00,23.5,67.8
2025-10-19 23:19:51+00:00,23.6,60.9
2025-10-19 23:21:55+00:00,23.6,62.9
2025-10-19 23:24:00+00:00,23.9,63.7
2025-10-19 23:26:05+00:00,23.9,58.1
2025-10-19 23:28:09+00:00,24.1,65.0
2025-10-19 23:30:16+00:00,24.2,57.0
2025-10-19 23:32:20+00:00,24.2,62.8
2025-10-19 23:34:25+00:00,24.4,61.8
2025-10-19 23:36:30+00:00,24.3,60.0
2025-10-19 23:38:34+00:00,24.5,66.0
2025-10-19 23:40:38+00:00,24.4,57.0
2025-10-19 23:42:43+00:00,24.6,66.7
2025-10-19 23:44:47+00:00,24.9,70.8
2025-10-19 23:46:52+00:00,25.2,70.5
2025-10-19 23:48:56+00:00,25.1,58.3
2025-10-19 23:51:01+00:00,24.7,52.9
2025-10-19 23:53:05+00:00,24.7,64.5
2025-10-19 23:55:10+00:00,24.7,60.4
2025-10-19 23:57:14+00:00,24.4,58.4
2025-10-19 23:59:18+00:00,24.5,67.0
2025-10-20 00:01:23+00:00,24.5,59.0
2025-10-20 00:03:27+00:00,24.3,61.6
2025-10-20 00:05:32+00:00,24.4,67.5
2025-10-20 00:07:40+00:00,24.3,58.1
2025-10-20 00:09:45+00:00,24.2,63.7
2025-10-20 00:11:50+00:00,24.4,66.8
2025-10-20 00:13:56+00:00,24.2,57.6
2025-10-20 00:16:00+00:00,24.2,66.4
2025-10-20 00:18:05+00:00,24.4,66.7
2025-10-20 00:20:10+00:00,24.3,58.0
2025-10-20 00:22:18+00:00,24.2,63.4
2025-10-20 00:24:24+00:00,24.4,68.8
2025-10-20 00:26:29+00:00,24.2,59.2
2025-10-20 00:28:34+00:00,24.1,63.4
2025-10-20 00:30:38+00:00,24.4,68.9
2025-10-20 00:32:43+00:00,24.2,58.9
2025-10-20 00:34:50+00:00,24.1,61.1
2025-10-20 00:36:54+00:00,24.3,69.6
2025-10-20 00:38:59+00:00,24.3,60.0
2025-10-20 00:41:04+00:00,24.1,62.0
2025-10-20 00:43:08+00:00,24.3,69.7
2025-10-20 00:45:13+00:00,24.3,60.1
2025-10-20 00:47:20+00:00,24.1,64.0
2025-10-20 00:49:25+00:00,24.4,68.2
2025-10-20 00:51:33+00:00,24.3,58.9
2025-10-20 00:53:40+00:00,24.2,63.1
2025-10-20 00:55:44+00:00,24.3,67.4
2025-10-20 00:57:49+00:00,24.2,58.0
2025-10-20 00:59:54+00:00,24.1,63.7
2025-10-20 01:01:59+00:00,24.3,68.0
2025-10-20 01:04:04+00:00,24.1,57.6
2025-10-20 01:06:11+00:00,24.0,62.1
2025-10-20 01:08:16+00:00,24.2,65.6
2025-10-20 01:10:24+00:00,24.0,56.7
2025-10-20 01:12:31+00:00,24.0,64.1
2025-10-20 01:14:38+00:00,24.2,64.8
2025-10-20 01:16:45+00:00,24.1,56.2
2025-10-20 01:18:49+00:00,24.1,65.6
2025-10-20 01:20:54+00:00,24.2,66.2
2025-10-20 01:23:03+00:00,24.1,56.4
2025-10-20 01:25:12+00:00,24.0,63.8
2025-10-20 01:27:19+00:00,24.2,66.4
2025-10-20 01:29:24+00:00,24.1,56.8
2025-10-20 01:31:30+00:00,23.9,61.3
2025-10-20 01:33:34+00:00,24.2,68.6
2025-10-20 01:35:39+00:00,24.1,58.7
2025-10-20 01:37:44+00:00,24.0,58.1
2025-10-20 01:39:51+00:00,24.2,69.5
2025-10-20 01:42:00+00:00,24.2,60.8
2025-10-20 01:44:05+00:00,23.9,54.3
2025-10-20 01:46:10+00:00,24.1,67.7
2025-10-20 01:48:14+00:00,24.2,63.7
2025-10-20 01:50:21+00:00,24.0,54.0
2025-10-20 01:52:26+00:00,24.0,63.8
2025-10-20 01:54:33+00:00,24.2,66.0
2025-10-20 01:56:39+00:00,24.1,57.0
2025-10-20 01:58:43+00:00,24.0,62.2
2025-10-20 02:00:48+00:00,24.2,68.7
2025-10-20 02:02:55+00:00,24.1,59.5
2025-10-20 02:05:03+00:00,24.0,58.2
2025-10-20 02:07:08+00:00,24.2,69.3
2025-10-20 02:09:12+00:00,24.2,61.1
2025-10-20 02:11:19+00:00,24.0,53.0
2025-10-20 02:13:23+00:00,24.1,65.9
2025-10-20 02:15:30+00:00,24.3,63.4
2025-10-20 02:17:35+00:00,24.1,54.3
2025-10-20 02:19:39+00:00,24.1,63.3
2025-10-20 02:21:46+00:00,24.3,66.0
2025-10-20 02:23:51+00:00,24.2,55.7
2025-10-20 02:25:55+00:00,24.1,60.3
2025-10-20 02:28:00+00:00,24.4,67.7
2025-10-20 02:30:04+00:00,24.3,58.4
2025-10-20 02:32:09+00:00,24.1,56.4
2025-10-20 02:34:20+00:00,24.4,67.8
2025-10-20 02:36:24+00:00,24.4,60.4
2025-10-20 02:38:38+00:00,24.1,52.8
2025-10-20 02:40:45+00:00,24.2,66.0
2025-10-20 02:47:07+00:00,24.2,57.3
2025-10-20 02:51:22+00:00,24.4,60.5
2025-10-20 02:53:26+00:00,24.2,51.6
2025-10-20 02:55:31+00:00,24.2,63.6
2025-10-20 03:04:03+00:00,24.5,67.1
2025-10-20 03:06:10+00:00,24.5,57.7
2025-10-20 03:08:16+00:00,24.3,55.4
2025-10-20 03:12:28+00:00,24.5,58.2
2025-10-20 03:27:10+00:00,24.3,51.7
2025-10-20 03:33:32+00:00,24.3,51.5
2025-10-20 03:50:15+00:00,24.4,65.4
2025-10-20 03:54:26+00:00,24.1,52.3
2025-10-20 04:00:48+00:00,24.1,50.2
2025-10-20 04:02:53+00:00,24.3,62.9
2025-10-20 04:05:06+00:00,24.4,59.3
2025-10-20 04:09:25+00:00,24.2,64.2
2025-10-20 04:11:30+00:00,24.4,62.2
2025-10-20 04:13:35+00:00,24.2,53.5
2025-10-20 04:22:05+00:00,24.1,53.9
2025-10-20 04:24:12+00:00,24.3,66.6
2025-10-20 04:26:17+00:00,24.4,59.8
2025-10-20 04:32:34+00:00,24.4,64.7
2025-10-20 04:34:38+00:00,24.3,55.2
2025-10-20 04:36:45+00:00,24.1,54.4
2025-10-20 04:38:52+00:00,24.3,66.7
2025-10-20 04:40:56+00:00,24.4,60.7
2025-10-20 04:43:07+00:00,24.2,52.0
2025-10-20 04:47:22+00:00,24.4,65.1
2025-10-20 04:53:38+00:00,24.2,62.1
2025-10-20 04:55:45+00:00,24.4,65.8
2025-10-20 05:14:46+00:00,24.4,53.9
2025-10-20 05:16:55+00:00,24.2,49.5
2025-10-20 05:18:59+00:00,24.4,64.7
2025-10-20 05:21:04+00:00,24.6,64.0
2025-10-20 05:23:08+00:00,24.5,54.6
2025-10-20 05:25:19+00:00,24.3,48.9
2025-10-20 05:27:24+00:00,24.3,60.5
2025-10-20 05:29:29+00:00,24.6,64.1
2025-10-20 05:31:33+00:00,24.5,55.8
2025-10-20 05:35:46+00:00,24.4,61.7
2025-10-20 05:48:33+00:00,24.6,55.2
2025-10-20 05:52:46+00:00,24.2,52.8
2025-10-20 06:01:25+00:00,24.4,58.3
2025-10-20 06:14:11+00:00,24.7,52.8
2025-10-20 06:26:44+00:00,24.6,68.9
2025-10-20 06:30:55+00:00,24.4,52.9
2025-10-20 06:33:07+00:00,24.3,56.2
2025-10-20 06:41:34+00:00,24.2,58.5
2025-10-20 06:49:57+00:00,24.3,64.1
2025-10-20 06:56:12+00:00,24.1,54.7
2025-10-20 07:00:26+00:00,24.3,59.9
2025-10-20 07:02:30+00:00,24.1,50.4
2025-10-20 07:04:35+00:00,24.1,61.6
2025-10-20 07:06:41+00:00,24.3,63.6
2025-10-20 07:25:41+00:00,24.1,54.0
2025-10-20 07:27:48+00:00,24.1,63.9
2025-10-20 07:31:57+00:00,24.2,57.9
2025-10-20 07:34:02+00:00,23.9,55.7
2025-10-20 07:38:12+00:00,24.2,62.5
2025-10-20 07:50:47+00:00,24.3,69.8
2025-10-20 07:57:04+00:00,24.2,67.6
2025-10-20 08:05:24+00:00,24.3,63.1
2025-10-20 08:07:38+00:00,24.1,54.1
2025-10-20 08:09:44+00:00,24.2,66.1
2025-10-20 09:32:04+00:00,24.0,66.5
2025-10-20 09:34:09+00:00,24.2,68.6
2025-10-20 09:36:13+00:00,24.0,59.3
2025-10-20 09:50:43+00:00,24.0,69.5
2025-10-20 09:52:50+00:00,24.1,66.3
2025-10-20 09:57:01+00:00,23.9,70.3
2025-10-20 10:03:27+00:00,24.0,71.1
2025-10-20 10:07:38+00:00,23.8,59.7
2025-10-20 10:13:55+00:00,23.8,62.5
2025-10-20 10:18:08+00:00,23.9,64.4
2025-10-20 10:28:50+00:00,23.9,72.7
2025-10-20 10:51:56+00:00,23.8,70.4
2025-10-20 10:56:07+00:00,23.7,63.4
2025-10-20 11:06:44+00:00,23.7,59.1
2025-10-20 11:15:08+00:00,23.8,69.8
2025-10-20 11:17:13+00:00,23.7,59.9
2025-10-20 11:21:22+00:00,23.8,65.9
2025-10-20 11:25:35+00:00,23.8,69.3
2025-10-20 11:44:32+00:00,23.9,56.9
2025-10-20 12:12:52+00:00,23.7,61.2
2025-10-20 12:15:08+00:00,23.9,65.2
2025-10-20 12:17:13+00:00,23.7,58.9
2025-10-20 12:28:20+00:00,23.8,59.9
2025-10-20 12:30:32+00:00,24.0,69.4
2025-10-20 12:32:38+00:00,23.9,59.9
2025-10-20 12:34:43+00:00,23.9,66.1
2025-10-20 12:36:55+00:00,24.0,67.3
2025-10-20 12:39:08+00:00,23.8,57.9
2025-10-20 12:43:42+00:00,24.0,64.7
2025-10-20 12:50:18+00:00,23.9,59.9
2025-10-20 12:57:02+00:00,23.8,62.2
2025-10-20 13:10:21+00:00,23.9,69.4
2025-10-20 13:28:02+00:00,23.6,61.2
2025-10-20 13:38:50+00:00,23.5,59.7
2025-10-20 13:41:02+00:00,23.6,69.3
2025-10-20 13:43:11+00:00,23.5,63.2
2025-10-20 13:45:23+00:00,23.5,67.5
2025-10-20 13:47:34+00:00,23.6,66.0
2025-10-20 13:52:04+00:00,23.5,70.2
2025-10-20 13:54:10+00:00,23.3,58.3
2025-10-20 13:56:26+00:00,23.3,67.4
2025-10-20 13:58:38+00:00,23.4,63.7
2025-10-20 14:24:15+00:00,23.1,62.5
2025-10-20 14:45:36+00:00,23.0,64.1
2025-10-20 14:47:48+00:00,23.2,72.2
2025-10-20 14:49:55+00:00,23.0,63.4
2025-10-20 14:52:00+00:00,23.0,69.4
2025-10-20 14:54:05+00:00,23.1,68.0
2025-10-20 14:56:16+00:00,22.9,65.8
2025-10-20 15:02:37+00:00,23.1,71.3
2025-10-20 15:04:48+00:00,23.1,65.9
2025-10-20 15:09:00+00:00,23.1,72.2
2025-10-20 15:13:16+00:00,23.1,72.8
2025-10-20 15:17:27+00:00,23.0,70.9
2025-10-20 15:19:31+00:00,23.1,68.7
2025-10-20 15:32:20+00:00,22.9,69.8
2025-10-20 15:57:29+00:00,22.9,68.1
2025-10-20 15:59:34+00:00,23.1,72.0
2025-10-20 16:01:40+00:00,22.9,63.7
2025-10-20 16:05:51+00:00,23.0,64.4
2025-10-20 16:08:02+00:00,23.0,70.0
2025-10-20 16:10:14+00:00,23.1,69.7
2025-10-20 16:12:22+00:00,22.9,65.1
2025-10-20 16:14:26+00:00,23.0,73.2
2025-10-20 16:18:37+00:00,23.0,71.9
2025-10-20 16:20:41+00:00,23.0,67.3
2025-10-20 16:22:46+00:00,22.9,69.0
2025-10-20 16:24:50+00:00,23.0,72.1
2025-10-20 16:27:02+00:00,22.9,64.2
2025-10-20 16:39:37+00:00,23.1,73.5
2025-10-20 16:41:42+00:00,22.9,63.5
2025-10-20 16:43:46+00:00,23.0,72.5
2025-10-20 17:48:44+00:00,22.8,72.0
2025-10-20 17:50:48+00:00,22.9,68.8
2025-10-20 17:52:53+00:00,22.7,69.2
2025-10-20 17:54:57+00:00,22.9,73.8
2025-10-20 17:57:08+00:00,22.7,64.1
2025-10-20 17:59:20+00:00,22.9,73.0
2025-10-20 18:01:24+00:00,22.8,65.9
2025-10-20 18:03:32+00:00,22.8,71.1
2025-10-20 18:05:37+00:00,22.9,70.0
2025-10-20 18:07:42+00:00,22.8,67.1
2025-10-20 18:09:48+00:00,23.0,74.6
2025-10-20 18:11:52+00:00,22.8,63.9
2025-10-20 18:13:57+00:00,22.9,72.8
2025-10-20 18:16:02+00:00,22.9,67.3
2025-10-20 18:18:06+00:00,22.8,69.6
2025-10-20 18:20:12+00:00,23.0,72.6
2025-10-20 18:22:18+00:00,22.7,65.3
2025-10-20 18:24:22+00:00,22.9,73.4
2025-10-20 18:26:33+00:00,22.8,65.1
2025-10-20 18:28:38+00:00,22.8,70.7
2025-10-20 18:30:42+00:00,22.9,68.7
2025-10-20 18:32:47+00:00,22.7,67.0
2025-10-20 18:34:52+00:00,22.9,73.6
2025-10-20 18:36:57+00:00,22.8,63.1
2025-10-20 18:39:01+00:00,22.8,71.6
2025-10-20 18:41:06+00:00,22.8,66.7
2025-10-20 18:43:10+00:00,22.7,69.0
2025-10-20 18:45:14+00:00,22.9,72.1
2025-10-20 18:47:20+00:00,22.7,64.9
2025-10-20 18:49:24+00:00,22.9,73.1
2025-10-20 18:51:28+00:00,22.8,65.1
2025-10-20 18:53:34+00:00,22.7,71.0
2025-10-20 18:55:38+00:00,22.8,69.0
2025-10-20 18:57:42+00:00,22.6,66.9
2025-10-20 18:59:53+00:00,22.8,74.4
2025-10-20 19:01:58+00:00,22.7,64.2
2025-10-20 19:04:02+00:00,22.8,73.1
2025-10-20 19:06:06+00:00,22.8,67.5
2025-10-20 19:08:11+00:00,22.7,69.2
2025-10-20 19:10:15+00:00,22.9,72.0
2025-10-20 19:12:20+00:00,22.7,64.9
2025-10-20 19:14:31+00:00,22.8,73.0
2025-10-20 19:16:35+00:00,22.7,64.5
2025-10-20 19:18:40+00:00,22.7,70.9
2025-10-20 19:20:44+00:00,22.8,68.8
2025-10-20 19:22:48+00:00,22.6,66.6
2025-10-20 19:24:54+00:00,22.7,73.7
2025-10-20 19:26:58+00:00,22.6,63.0
2025-10-20 19:29:02+00:00,22.6,71.5
2025-10-20 19:31:06+00:00,22.7,66.8
2025-10-20 19:33:11+00:00,22.6,68.1
2025-10-20 19:35:15+00:00,22.7,72.1
2025-10-20 19:37:20+00:00,22.5,64.3
2025-10-20 19:39:24+00:00,22.6,72.8
2025-10-20 19:41:28+00:00,22.6,65.4
2025-10-20 19:43:32+00:00,22.5,70.3
2025-10-20 19:45:37+00:00,22.6,70.2
2025-10-20 19:47:41+00:00,22.4,66.2
2025-10-20 19:49:47+00:00,22.6,73.9
2025-10-20 19:51:51+00:00,22.5,64.0
2025-10-20 19:53:55+00:00,22.5,71.8
2025-10-20 19:55:59+00:00,22.6,68.7
2025-10-20 19:58:04+00:00,22.5,68.2
2025-10-20 20:00:08+00:00,22.6,73.6
2025-10-20 20:02:14+00:00,22.5,64.1
2025-10-20 20:04:19+00:00,22.6,72.8
2025-10-20 20:06:23+00:00,22.5,65.9
2025-10-20 20:08:28+00:00,22.5,69.9
2025-10-20 20:10:32+00:00,22.6,70.8
2025-10-20 20:12:37+00:00,22.4,65.7
2025-10-20 20:14:42+00:00,22.6,73.6
2025-10-20 20:16:46+00:00,22.5,64.0
2025-10-20 20:18:50+00:00,22.5,71.2
2025-10-20 20:20:55+00:00,22.6,68.3
2025-10-20 20:22:59+00:00,22.4,67.9
2025-10-20 20:25:05+00:00,22.6,74.2
2025-10-20 20:27:10+00:00,22.5,63.8
2025-10-20 20:29:14+00:00,22.6,72.8
2025-10-20 20:31:18+00:00,22.5,66.5
2025-10-20 20:33:22+00:00,22.5,69.6
2025-10-20 20:35:28+00:00,22.6,72.4
2025-10-20 20:37:32+00:00,22.4,65.2
2025-10-20 20:39:36+00:00,22.5,74.0
2025-10-20 20:41:41+00:00,22.4,65.6
2025-10-20 20:43:45+00:00,22.5,71.4
2025-10-20 20:45:49+00:00,22.5,69.5
2025-10-20 20:47:54+00:00,22.4,67.2
2025-10-20 20:49:58+00:00,22.5,74.6
2025-10-20 20:52:02+00:00,22.3,63.7
2025-10-20 20:54:07+00:00,22.4,72.6
2025-10-20 20:56:11+00:00,22.5,68.1
2025-10-20 20:58:15+00:00,22.4,69.5
2025-10-20 21:00:20+00:00,22.5,73.8
2025-10-20 21:02:24+00:00,22.3,65.1
2025-10-20 21:04:29+00:00,22.5,74.0
2025-10-20 21:06:34+00:00,22.4,67.0
2025-10-20 21:08:38+00:00,22.4,71.3
2025-10-20 21:10:43+00:00,22.6,71.9
2025-10-20 21:12:55+00:00,22.4,66.8
2025-10-20 21:15:00+00:00,22.5,74.6
2025-10-20 21:17:04+00:00,22.4,64.4
2025-10-20 21:19:09+00:00,22.5,72.6
2025-10-20 21:21:14+00:00,22.5,68.3
2025-10-20 21:23:20+00:00,22.4,69.6
2025-10-20 21:25:25+00:00,22.6,73.9
2025-10-20 21:27:33+00:00,22.4,65.5
2025-10-20 21:29:37+00:00,22.5,74.0
2025-10-20 21:31:42+00:00,22.5,66.0
2025-10-20 21:33:46+00:00,22.5,71.0
2025-10-20 21:35:50+00:00,22.5,70.2
2025-10-20 21:37:56+00:00,22.3,67.2
2025-10-20 21:40:04+00:00,22.5,74.6
2025-10-20 21:42:15+00:00,22.3,64.2
2025-10-20 21:44:20+00:00,22.4,72.8
2025-10-20 21:46:28+00:00,22.4,68.3
2025-10-20 21:48:32+00:00,22.4,70.0
2025-10-20 21:50:37+00:00,22.5,72.5
2025-10-20 21:52:45+00:00,22.3,66.1
2025-10-20 21:54:49+00:00,22.5,74.0
2025-10-20 21:56:55+00:00,22.4,65.3
2025-10-20 21:59:00+00:00,22.4,71.6
2025-10-20 22:01:05+00:00,22.5,69.7
2025-10-20 22:03:16+00:00,22.3,68.2
2025-10-20 22:05:21+00:00,22.4,74.7
2025-10-20 22:07:26+00:00,22.3,64.9
2025-10-20 22:09:30+00:00,22.4,73.3
2025-10-20 22:11:34+00:00,22.3,66.8
2025-10-20 22:13:40+00:00,22.3,70.9
2025-10-20 22:15:44+00:00,22.4,72.1
2025-10-20 22:17:48+00:00,22.3,66.6
2025-10-20 22:19:54+00:00,22.4,74.2
2025-10-20 22:22:00+00:00,22.3,65.2
2025-10-20 22:24:05+00:00,22.4,72.2
2025-10-20 22:26:09+00:00,22.4,69.3
2025-10-20 22:28:14+00:00,22.3,69.2
2025-10-20 22:30:18+00:00,22.5,75.2
2025-10-20 22:32:25+00:00,22.2,65.0
2025-10-20 22:34:29+00:00,22.3,73.8
2025-10-20 22:36:38+00:00,22.4,67.6
2025-10-20 22:38:43+00:00,22.3,70.7
2025-10-20 22:40:47+00:00,22.4,72.5
2025-10-20 22:42:56+00:00,22.2,66.9
2025-10-20 22:45:00+00:00,22.4,74.7
2025-10-20 22:47:12+00:00,22.3,65.1
2025-10-20 22:49:23+00:00,22.3,72.6
2025-10-20 22:51:28+00:00,22.4,68.6
2025-10-20 22:53:39+00:00,22.4,73.6
2025-10-20 22:55:43+00:00,22.4,72.7
2025-10-20 22:57:49+00:00,22.2,66.7
2025-10-20 22:59:54+00:00,22.4,75.0
2025-10-20 23:02:03+00:00,22.3,66.1
2025-10-20 23:04:07+00:00,22.4,72.7
2025-10-20 23:06:12+00:00,22.5,69.2
2025-10-20 23:08:23+00:00,22.5,68.3
2025-10-20 23:10:27+00:00,22.7,74.1
2025-10-20 23:12:39+00:00,22.5,63.1
2025-10-20 23:14:43+00:00,22.7,71.3
2025-10-20 23:16:51+00:00,22.7,64.0
2025-10-20 23:18:55+00:00,22.7,67.5
2025-10-20 23:21:00+00:00,22.9,67.2
2025-10-20 23:23:05+00:00,22.6,63.2
2025-10-20 23:25:11+00:00,22.8,69.9
2025-10-20 23:27:15+00:00,22.7,59.8
2025-10-20 23:29:20+00:00,22.7,68.0
2025-10-20 23:31:31+00:00,22.8,63.4
2025-10-20 23:42:03+00:00,22.5,61.3
2025-10-20 23:46:14+00:00,22.7,66.2
2025-10-20 23:48:19+00:00,22.5,64.7
2025-10-20 23:50:27+00:00,22.7,71.0
2025-10-20 23:52:33+00:00,22.5,60.8
2025-10-20 23:54:38+00:00,22.5,69.6
2025-10-20 23:56:44+00:00,22.5,63.6
2025-10-20 23:58:49+00:00,22.4,67.3
2025-10-21 00:00:54+00:00,22.5,68.5
2025-10-21 00:03:01+00:00,22.2,63.4
2025-10-21 00:05:05+00:00,22.3,71.6
2025-10-21 00:07:11+00:00,22.2,62.9
2025-10-21 00:09:15+00:00,22.2,70.0
2025-10-21 00:11:24+00:00,22.4,67.1
2025-10-21 00:13:28+00:00,22.2,65.7
2025-10-21 00:15:34+00:00,22.4,71.4
2025-10-21 00:17:46+00:00,22.3,61.8
2025-10-21 00:19:52+00:00,22.5,71.3
2025-10-21 00:22:03+00:00,22.5,65.3
2025-10-21 00:24:09+00:00,22.5,71.4
2025-10-21 00:26:14+00:00,22.7,70.4
2025-10-21 00:28:19+00:00,22.6,67.5
2025-10-21 00:30:24+00:00,22.7,73.8
2025-10-21 00:32:31+00:00,22.6,63.1
2025-10-21 00:34:37+00:00,22.6,71.7
2025-10-21 00:36:42+00:00,22.6,66.4
2025-10-21 00:38:50+00:00,22.5,69.6
2025-10-21 00:40:55+00:00,22.7,71.8
2025-10-21 00:43:01+00:00,22.5,65.4
2025-10-21 00:45:06+00:00,22.6,73.9
2025-10-21 00:47:11+00:00,22.6,65.5
2025-10-21 00:49:16+00:00,22.6,70.7
2025-10-21 00:51:21+00:00,22.7,71.3
2025-10-21 00:53:27+00:00,22.5,64.5
2025-10-21 00:55:32+00:00,22.6,73.7
2025-10-21 00:57:37+00:00,22.7,66.2
2025-10-21 00:59:43+00:00,22.6,67.8
2025-10-21 01:01:50+00:00,22.8,73.0
2025-10-21 01:04:01+00:00,22.6,63.2
2025-10-21 01:06:11+00:00,22.8,72.9
2025-10-21 01:08:18+00:00,22.8,66.2
2025-10-21 01:10:29+00:00,22.6,67.4
2025-10-21 01:12:43+00:00,22.9,73.7
2025-10-21 01:14:50+00:00,22.6,62.4
2025-10-21 01:16:54+00:00,22.8,72.8
2025-10-21 01:18:59+00:00,22.9,68.8
2025-10-21 01:21:11+00:00,22.7,64.4
2025-10-21 01:23:16+00:00,22.8,73.4
2025-10-21 01:25:21+00:00,22.8,64.7
2025-10-21 01:27:25+00:00,22.8,67.6
2025-10-21 01:29:30+00:00,23.0,72.2
2025-10-21 01:31:38+00:00,22.9,61.7
2025-10-21 01:33:43+00:00,23.0,69.7
2025-10-21 01:35:47+00:00,23.2,67.9
2025-10-21 01:37:52+00:00,23.0,61.4
2025-10-21 01:40:00+00:00,23.2,72.0
2025-10-21 01:42:05+00:00,23.3,64.3
2025-10-21 01:44:11+00:00,23.1,61.7
2025-10-21 01:46:17+00:00,23.4,71.0
2025-10-21 01:48:22+00:00,23.3,62.9
2025-10-21 01:50:28+00:00,23.2,63.2
2025-10-21 01:52:34+00:00,23.5,71.5
2025-10-21 01:54:39+00:00,23.4,61.4
2025-10-21 01:56:44+00:00,23.2,63.2
2025-10-21 01:58:51+00:00,23.5,71.7
2025-10-21 02:01:01+00:00,23.4,61.8
2025-10-21 02:03:09+00:00,23.3,61.2
2025-10-21 02:05:16+00:00,23.5,71.4
2025-10-21 02:07:23+00:00,23.5,62.4
2025-10-21 02:09:30+00:00,23.3,60.6
2025-10-21 02:11:41+00:00,23.5,71.4
2025-10-21 02:13:45+00:00,23.5,62.8
2025-10-21 02:15:50+00:00,23.3,57.4
2025-10-21 02:18:02+00:00,23.5,69.7
2025-10-21 02:20:07+00:00,23.6,63.6
2025-10-21 02:22:11+00:00,23.3,56.6
2025-10-21 02:24:18+00:00,23.5,69.6
2025-10-21 02:26:22+00:00,23.6,65.8
2025-10-21 02:28:26+00:00,23.4,55.7
2025-10-21 02:30:38+00:00,23.5,68.0
2025-10-21 02:32:49+00:00,23.7,65.5
2025-10-21 02:34:54+00:00,23.5,57.1
2025-10-21 02:36:59+00:00,23.4,64.7
2025-10-21 02:39:08+00:00,23.7,68.1
2025-10-21 02:41:16+00:00,23.6,58.7
2025-10-21 02:43:21+00:00,23.6,63.9
2025-10-21 02:45:25+00:00,23.8,68.7
2025-10-21 02:49:54+00:00,23.6,60.3
2025-10-21 02:52:02+00:00,23.9,70.6
2025-10-21 02:54:10+00:00,23.8,60.9
2025-10-21 02:56:16+00:00,23.6,55.8
2025-10-21 02:58:23+00:00,23.8,69.6
2025-10-21 03:00:36+00:00,24.0,65.5
2025-10-21 03:02:40+00:00,23.8,56.1
2025-10-21 03:04:45+00:00,23.7,63.5
2025-10-21 03:06:50+00:00,24.0,70.1
2025-10-21 03:09:02+00:00,23.9,60.3
2025-10-21 03:11:13+00:00,23.7,55.2
2025-10-21 03:13:17+00:00,23.9,69.5
2025-10-21 03:15:23+00:00,24.1,64.0
2025-10-21 03:17:33+00:00,23.9,55.8
2025-10-21 03:19:40+00:00,23.8,63.7
2025-10-21 03:21:51+00:00,24.1,68.9
2025-10-21 03:23:58+00:00,24.1,59.5
2025-10-21 03:26:05+00:00,23.8,54.8
2025-10-21 03:28:16+00:00,24.1,68.9
2025-10-21 03:30:20+00:00,24.3,65.2
2025-10-21 03:32:24+00:00,24.1,55.0
2025-10-21 03:34:34+00:00,24.1,64.3
2025-10-21 03:36:41+00:00,24.3,67.7
2025-10-21 03:38:50+00:00,24.3,58.2
2025-10-21 03:41:01+00:00,24.0,52.7
2025-10-21 03:43:08+00:00,24.2,67.0
2025-10-21 03:45:22+00:00,24.4,64.4
2025-10-21 04:08:27+00:00,24.4,60.3
2025-10-21 04:10:39+00:00,24.2,52.2
2025-10-21 04:12:48+00:00,24.2,64.1
2025-10-21 04:14:52+00:00,24.5,66.2
2025-10-21 04:17:03+00:00,24.4,56.5
2025-10-21 04:31:44+00:00,24.5,57.2
2025-10-21 04:33:57+00:00,24.2,50.9
2025-10-21 04:36:02+00:00,24.3,65.2
2025-10-21 04:44:26+00:00,24.5,66.7
2025-10-21 04:46:37+00:00,24.4,57.8
2025-10-21 04:48:42+00:00,24.2,50.6
2025-10-21 04:54:58+00:00,24.3,54.8
2025-10-21 04:57:03+00:00,24.2,59.4
2025-10-21 04:59:07+00:00,24.5,68.6
2025-10-21 05:01:13+00:00,24.4,59.7
2025-10-21 05:03:19+00:00,24.2,51.9
2025-10-21 05:05:24+00:00,24.2,61.8
2025-10-21 05:07:29+00:00,24.5,66.0
2025-10-21 05:09:34+00:00,24.4,57.2
2025-10-21 05:11:39+00:00,24.2,53.8
2025-10-21 05:13:43+00:00,24.4,66.8
2025-10-21 05:15:48+00:00,24.5,61.6
2025-10-21 05:17:53+00:00,24.3,53.4
2025-10-21 05:19:58+00:00,24.4,63.4
2025-10-21 05:22:03+00:00,24.6,64.7
2025-10-21 05:24:08+00:00,24.5,55.9
2025-10-21 05:26:13+00:00,24.3,55.6
2025-10-21 05:28:17+00:00,24.5,68.1
2025-10-21 05:30:22+00:00,24.6,62.4
2025-10-21 05:32:31+00:00,24.4,54.0
2025-10-21 05:34:35+00:00,24.2,60.1
2025-10-21 05:36:42+00:00,24.5,67.9
2025-10-21 05:38:51+00:00,24.5,58.7
2025-10-21 05:41:00+00:00,24.3,52.5
2025-10-21 05:43:08+00:00,24.4,66.4
2025-10-21 05:45:13+00:00,24.6,63.3
2025-10-21 05:47:22+00:00,24.4,54.5
2025-10-21 05:51:47+00:00,24.5,69.2
2025-10-21 05:53:55+00:00,24.5,59.6
2025-10-21 05:56:10+00:00,24.3,52.5
2025-10-21 05:58:14+00:00,24.4,64.6
2025-10-21 06:00:24+00:00,24.5,56.8
2025-10-21 06:02:29+00:00,24.5,56.4
2025-10-21 06:04:34+00:00,24.3,53.4
2025-10-21 06:06:46+00:00,24.6,67.2
2025-10-21 06:08:53+00:00,24.7,63.1
2025-10-21 06:10:57+00:00,24.6,53.6
2025-10-21 06:13:04+00:00,24.5,58.8
2025-10-21 06:15:08+00:00,24.8,67.2
2025-10-21 06:17:13+00:00,24.8,58.3
2025-10-21 06:19:19+00:00,24.5,51.3
2025-10-21 06:21:24+00:00,24.5,62.9
2025-10-21 06:23:39+00:00,24.7,65.0
2025-10-21 06:25:44+00:00,24.6,56.2
2025-10-21 06:27:48+00:00,24.3,52.8
2025-10-21 06:29:54+00:00,24.5,66.1
2025-10-21 06:32:03+00:00,24.7,62.0
2025-10-21 06:34:07+00:00,24.5,53.6
2025-10-21 06:36:12+00:00,24.4,60.9
2025-10-21 06:38:17+00:00,24.7,68.0
2025-10-21 06:40:21+00:00,24.6,59.5
2025-10-21 06:42:30+00:00,24.4,52.4
2025-10-21 06:44:34+00:00,24.3,62.0
2025-10-21 06:46:39+00:00,24.6,67.0
2025-10-21 06:48:43+00:00,24.5,58.3
2025-10-21 06:50:48+00:00,24.2,52.1
2025-10-21 06:52:52+00:00,24.4,66.6
2025-10-21 06:54:57+00:00,24.6,65.1
2025-10-21 06:57:01+00:00,24.4,55.3
2025-10-21 06:59:07+00:00,24.2,60.4
2025-10-21 07:01:12+00:00,24.5,68.6
2025-10-21 07:03:16+00:00,24.5,58.9
2025-10-21 07:05:27+00:00,24.2,52.4
2025-10-21 07:07:34+00:00,24.4,66.6
2025-10-21 07:09:40+00:00,24.5,64.3
2025-10-21 07:11:47+00:00,24.3,54.7
2025-10-21 07:13:58+00:00,24.2,62.3
2025-10-21 07:16:03+00:00,24.4,66.7
2025-10-21 07:18:07+00:00,24.2,57.2
2025-10-21 07:20:14+00:00,24.1,60.0
2025-10-21 07:22:19+00:00,24.3,68.9
2025-10-21 07:24:23+00:00,24.3,60.3
2025-10-21 07:26:32+00:00,24.1,62.3
2025-10-21 07:28:37+00:00,24.4,69.6
2025-10-21 07:30:44+00:00,24.3,59.9
2025-10-21 07:32:49+00:00,24.2,64.1
2025-10-21 07:35:02+00:00,24.4,68.8
2025-10-21 07:37:07+00:00,24.2,60.0
2025-10-21 07:39:11+00:00,24.1,64.1
2025-10-21 07:41:17+00:00,24.3,70.3
2025-10-21 07:43:26+00:00,24.2,60.9
2025-10-21 07:45:33+00:00,24.0,61.7
2025-10-21 07:47:38+00:00,24.2,70.4
2025-10-21 07:49:42+00:00,24.1,60.7
2025-10-21 07:51:46+00:00,23.9,62.1
2025-10-21 07:53:55+00:00,24.1,70.2
2025-10-21 07:56:00+00:00,24.0,60.2
2025-10-21 07:58:04+00:00,23.9,65.2
2025-10-21 08:00:11+00:00,24.1,67.3
2025-10-21 08:02:16+00:00,23.9,59.2
2025-10-21 08:04:29+00:00,24.0,68.8
2025-10-21 08:06:40+00:00,24.0,63.3
2025-10-21 08:08:47+00:00,23.9,65.6
2025-10-21 08:10:56+00:00,24.1,67.3
2025-10-21 08:13:00+00:00,23.9,60.4
2025-10-21 08:15:08+00:00,24.1,69.1
2025-10-21 08:17:13+00:00,24.0,60.9
2025-10-21 08:19:17+00:00,23.9,65.3
2025-10-21 08:21:22+00:00,24.0,66.7
2025-10-21 08:23:26+00:00,23.9,60.7
2025-10-21 08:25:31+00:00,24.0,69.2
2025-10-21 08:27:35+00:00,24.0,62.1
2025-10-21 08:29:40+00:00,23.9,65.6
2025-10-21 08:31:44+00:00,24.1,67.7
2025-10-21 08:33:48+00:00,23.9,60.0
2025-10-21 08:35:52+00:00,24.0,69.1
2025-10-21 08:37:57+00:00,24.0,62.6
2025-10-21 08:40:01+00:00,24.0,64.9
2025-10-21 08:42:05+00:00,24.1,68.1
2025-10-21 08:44:11+00:00,23.9,59.6
2025-10-21 08:46:15+00:00,24.0,68.3
2025-10-21 08:48:20+00:00,24.0,63.5
2025-10-21 08:50:24+00:00,24.0,65.9
2025-10-21 08:52:29+00:00,24.1,67.3
2025-10-21 08:54:33+00:00,23.9,60.1
2025-10-21 08:56:45+00:00,24.0,69.2
2025-10-21 08:58:50+00:00,24.0,62.5
2025-10-21 09:00:56+00:00,23.9,64.0
2025-10-21 09:03:00+00:00,24.0,68.5
2025-10-21 09:05:05+00:00,23.8,59.1
2025-10-21 09:07:10+00:00,23.9,68.2
2025-10-21 09:21:59+00:00,23.8,64.1
2025-10-21 09:24:04+00:00,24.0,69.1
2025-10-21 09:26:08+00:00,23.8,59.7
2025-10-21 09:51:12+00:00,23.8,61.2
2025-10-21 10:01:52+00:00,23.8,60.3
2025-10-21 10:06:19+00:00,23.9,63.3
2025-10-21 10:12:39+00:00,23.7,59.7
2025-10-21 10:14:44+00:00,23.8,68.8
2025-10-21 10:16:56+00:00,23.7,62.2
2025-10-21 10:21:25+00:00,23.9,66.8
2025-10-21 10:23:36+00:00,23.7,65.7
2025-10-21 10:25:46+00:00,23.9,69.1
2025-10-21 10:27:51+00:00,23.7,62.5
2025-10-21 10:30:02+00:00,23.9,70.1
2025-10-21 10:34:26+00:00,23.8,67.7
2025-10-21 10:36:37+00:00,23.9,64.4
2025-10-21 10:38:46+00:00,23.8,66.0
2025-10-21 10:40:58+00:00,23.9,68.2
2025-10-21 10:43:07+00:00,23.8,63.0
2025-10-21 10:45:11+00:00,24.0,70.3
2025-10-21 10:47:18+00:00,23.9,60.5
2025-10-21 10:49:23+00:00,23.9,69.1
2025-10-21 10:51:27+00:00,24.0,64.8
2025-10-21 10:53:32+00:00,23.8,63.9
2025-10-21 10:55:37+00:00,23.9,69.9
2025-10-21 10:57:43+00:00,23.8,60.3
2025-10-21 10:59:54+00:00,23.8,69.4
2025-10-21 11:02:03+00:00,23.9,64.1
2025-10-21 11:04:15+00:00,23.8,65.8
2025-10-21 11:06:20+00:00,24.0,68.4
2025-10-21 11:08:31+00:00,23.8,60.5
2025-10-21 11:10:36+00:00,23.9,69.6
2025-10-21 11:15:05+00:00,23.8,67.4
2025-10-21 11:17:18+00:00,23.9,65.9
2025-10-21 11:19:28+00:00,23.8,65.9
2025-10-21 11:21:33+00:00,23.9,69.2
2025-10-21 11:23:40+00:00,23.8,62.5
2025-10-21 11:25:44+00:00,23.9,70.1
2025-10-21 11:27:53+00:00,23.8,61.7
2025-10-21 11:30:00+00:00,23.8,68.2
2025-10-21 11:34:20+00:00,23.7,63.8
2025-10-21 11:38:39+00:00,23.7,61.2
2025-10-21 11:42:53+00:00,23.8,62.4
2025-10-21 11:44:59+00:00,23.7,67.6
2025-10-21 11:47:10+00:00,23.8,66.3
2025-10-21 11:49:17+00:00,23.6,63.4
2025-10-21 11:53:35+00:00,23.6,60.0
2025-10-21 11:55:40+00:00,23.7,68.8
2025-10-21 11:59:54+00:00,23.5,66.8
2025-10-21 12:02:05+00:00,23.6,66.3
2025-10-21 12:10:42+00:00,23.4,66.6
2025-10-21 12:15:04+00:00,23.2,63.5
2025-10-21 12:19:19+00:00,23.1,60.2
2025-10-21 12:23:52+00:00,23.0,56.4
2025-10-21 12:32:18+00:00,23.0,63.6
2025-10-21 12:34:23+00:00,22.8,61.3
2025-10-21 12:36:28+00:00,23.0,67.9
2025-10-21 12:38:32+00:00,22.8,59.0
2025-10-21 12:40:38+00:00,22.9,68.1
2025-10-21 12:42:45+00:00,22.9,62.4
2025-10-21 12:44:49+00:00,22.8,66.0
2025-10-21 12:53:32+00:00,22.7,62.5
2025-10-21 12:55:37+00:00,22.8,71.2
2025-10-21 12:57:43+00:00,22.8,65.3
2025-10-22 00:05:58+00:00,19.0,78.2
2025-10-22 00:08:05+00:00,19.0,77.6
2025-10-22 00:10:10+00:00,19.0,71.0
2025-10-22 00:12:14+00:00,19.4,79.3
2025-10-22 00:14:24+00:00,19.6,68.4
2025-10-22 00:20:41+00:00,20.3,70.6
2025-10-22 00:24:56+00:00,20.6,64.6
2025-10-22 00:29:05+00:00,20.8,65.1
2025-10-22 00:33:14+00:00,21.1,70.8
2025-10-22 00:35:19+00:00,20.9,66.7
2025-10-22 00:37:23+00:00,21.1,73.7
2025-10-22 00:39:28+00:00,21.1,63.2
2025-10-22 00:41:32+00:00,21.2,71.3
2025-10-22 00:43:36+00:00,21.2,67.0
2025-10-22 00:45:41+00:00,21.1,67.5
2025-10-22 00:49:50+00:00,21.2,63.7
2025-10-22 00:51:54+00:00,21.4,72.6
2025-10-22 01:04:23+00:00,21.5,63.1
2025-10-22 01:06:30+00:00,21.6,70.8
2025-10-22 01:08:34+00:00,21.7,67.8
2025-10-22 01:14:56+00:00,21.8,63.4
2025-10-22 01:33:42+00:00,23.0,71.6
2025-10-22 01:37:53+00:00,22.8,67.4
2025-10-22 01:40:00+00:00,23.1,70.1
2025-10-22 01:42:04+00:00,23.0,59.9
2025-10-22 01:46:15+00:00,23.3,67.7
2025-10-22 02:05:08+00:00,23.4,65.6
2025-10-22 02:07:13+00:00,23.2,59.0
2025-10-22 02:15:36+00:00,23.3,68.9
2025-10-22 02:28:12+00:00,23.3,66.5
2025-10-22 02:32:27+00:00,23.4,59.8
2025-10-22 02:34:34+00:00,23.4,67.3
2025-10-22 02:36:40+00:00,23.6,68.8
2025-10-22 02:40:50+00:00,23.4,66.9
2025-10-22 02:47:04+00:00,23.4,65.9
2025-10-22 02:53:26+00:00,23.4,65.9
2025-10-22 03:06:03+00:00,23.6,59.9
2025-10-22 03:08:08+00:00,23.8,70.0
2025-10-22 03:10:13+00:00,23.8,61.1
2025-10-22 03:12:20+00:00,23.6,58.2
2025-10-22 03:14:24+00:00,23.9,68.7
2025-10-22 03:16:29+00:00,23.9,61.4
2025-10-22 03:33:25+00:00,24.1,65.4
2025-10-22 03:35:29+00:00,24.2,62.3
2025-10-22 03:37:36+00:00,24.0,53.3
2025-10-22 03:39:41+00:00,24.0,63.1
2025-10-22 03:43:52+00:00,24.0,54.2
2025-10-22 03:45:57+00:00,23.9,59.7
2025-10-22 03:48:02+00:00,24.1,65.2
2025-10-22 03:50:09+00:00,24.0,56.4
2025-10-22 03:52:13+00:00,23.9,59.4
2025-10-22 03:54:18+00:00,24.1,67.0
2025-10-22 03:56:30+00:00,24.1,56.9
2025-10-22 03:58:40+00:00,23.9,59.2
2025-10-22 04:00:45+00:00,24.2,67.0
2025-10-22 04:02:58+00:00,24.0,56.7
2025-10-22 04:05:05+00:00,24.0,61.8
2025-10-22 04:07:12+00:00,24.1,64.5
2025-10-22 04:09:21+00:00,23.9,54.5
2025-10-22 04:11:26+00:00,23.9,64.5
2025-10-22 04:15:49+00:00,23.8,57.0
2025-10-22 04:18:00+00:00,24.0,67.7
2025-10-22 04:20:05+00:00,23.9,59.1
2025-10-22 04:22:14+00:00,23.8,63.4
2025-10-22 04:24:19+00:00,24.0,65.9
2025-10-22 04:26:23+00:00,23.8,57.1
2025-10-22 04:28:31+00:00,23.9,67.9
2025-10-22 04:30:36+00:00,24.0,64.7
2025-10-22 04:32:43+00:00,23.8,56.9
2025-10-22 04:34:59+00:00,23.9,67.8
2025-10-22 04:37:03+00:00,23.9,63.4
2025-10-22 04:39:09+00:00,23.8,61.9
2025-10-22 04:41:14+00:00,24.0,68.9
2025-10-22 04:43:19+00:00,23.9,59.2
2025-10-22 04:45:24+00:00,24.0,66.8
2025-10-22 04:47:29+00:00,24.1,65.3
2025-10-22 04:49:34+00:00,23.9,57.3
2025-10-22 04:51:38+00:00,24.1,67.9
2025-10-22 04:53:45+00:00,24.2,63.2
2025-10-22 04:55:52+00:00,24.1,64.2
2025-10-22 04:58:02+00:00,24.3,67.8
2025-10-22 05:00:06+00:00,24.1,60.6
2025-10-22 05:02:11+00:00,24.2,68.1
2025-10-22 05:04:15+00:00,24.2,60.0
2025-10-22 05:06:20+00:00,24.1,64.6
2025-10-22 05:08:26+00:00,24.2,64.0
2025-10-22 05:10:31+00:00,24.1,60.5
2025-10-22 05:12:35+00:00,24.2,67.6
2025-10-22 05:14:40+00:00,24.0,57.6
2025-10-22 05:16:46+00:00,24.1,65.7
2025-10-22 05:18:57+00:00,24.1,61.3
2025-10-22 05:21:02+00:00,24.0,62.2
2025-10-22 05:23:06+00:00,24.1,64.7
2025-10-22 05:25:11+00:00,23.9,59.0
2025-10-22 05:27:16+00:00,24.0,66.6
2025-10-22 05:29:25+00:00,23.9,59.3
2025-10-22 05:31:34+00:00,23.8,64.4
2025-10-22 05:33:39+00:00,23.8,63.2
2025-10-22 05:35:52+00:00,23.6,62.2
2025-10-22 05:37:58+00:00,23.8,67.8
2025-10-22 05:40:03+00:00,23.5,59.2
2025-10-22 05:42:08+00:00,23.6,68.0
2025-10-22 05:44:15+00:00,23.6,62.1
2025-10-22 05:46:20+00:00,23.5,65.6
2025-10-22 05:48:31+00:00,23.7,65.9
2025-10-22 05:50:38+00:00,23.5,62.0
2025-10-22 05:52:42+00:00,23.7,69.2
2025-10-22 05:54:49+00:00,23.6,59.3
2025-10-22 05:56:57+00:00,23.6,67.4
2025-10-22 05:59:04+00:00,23.6,62.5
2025-10-22 06:01:09+00:00,23.4,64.7
2025-10-22 06:03:15+00:00,23.5,66.3
2025-10-22 06:05:21+00:00,23.3,61.2
2025-10-22 06:07:26+00:00,23.4,69.1
2025-10-22 06:09:33+00:00,23.4,61.0
2025-10-22 06:11:40+00:00,23.4,67.1
2025-10-22 06:13:46+00:00,23.4,65.0
2025-10-22 06:15:50+00:00,23.3,63.9
2025-10-22 06:17:55+00:00,23.5,69.3
2025-10-22 06:20:02+00:00,23.3,61.0
2025-10-22 06:22:08+00:00,23.4,69.2
2025-10-22 06:24:15+00:00,23.5,62.9
2025-10-22 06:26:19+00:00,23.4,66.7
2025-10-22 06:28:24+00:00,23.5,67.6
2025-10-22 06:30:29+00:00,23.4,63.5
2025-10-22 06:32:41+00:00,23.6,71.1
2025-10-22 06:34:45+00:00,23.6,61.9
2025-10-22 06:36:57+00:00,23.7,68.6
2025-10-22 06:39:02+00:00,23.7,65.3
2025-10-22 06:41:18+00:00,23.7,65.7
2025-10-22 06:43:25+00:00,23.8,69.0
2025-10-22 06:45:30+00:00,23.7,62.6
2025-10-22 06:47:39+00:00,23.9,70.6
2025-10-22 06:49:47+00:00,23.8,61.8
2025-10-22 06:51:52+00:00,23.8,68.5
2025-10-22 06:53:57+00:00,23.9,66.1
2025-10-22 06:56:04+00:00,23.7,65.2
2025-10-22 06:58:09+00:00,23.9,70.2
2025-10-22 07:00:16+00:00,23.7,61.0
2025-10-22 07:02:28+00:00,23.9,69.5
2025-10-22 07:04:40+00:00,24.0,64.1
2025-10-22 07:06:47+00:00,23.8,65.4
2025-10-22 07:08:56+00:00,24.0,70.0
2025-10-22 07:11:02+00:00,23.8,59.8
2025-10-22 07:13:09+00:00,23.8,68.6
2025-10-22 07:15:18+00:00,23.8,65.9
2025-10-22 07:17:24+00:00,23.6,64.9
2025-10-22 07:19:38+00:00,23.8,71.8
2025-10-22 07:23:54+00:00,23.7,70.6
2025-10-22 07:34:25+00:00,23.5,68.3
2025-10-22 07:36:29+00:00,23.6,66.7
2025-10-22 07:38:40+00:00,23.5,63.1
2025-10-22 07:40:49+00:00,23.7,71.0
2025-10-22 07:42:57+00:00,23.6,61.3
2025-10-22 07:45:05+00:00,23.6,67.5
2025-10-22 07:47:10+00:00,23.8,66.0
2025-10-22 07:49:15+00:00,23.7,62.3
2025-10-22 07:51:21+00:00,23.9,69.7
2025-10-22 07:53:27+00:00,23.8,59.6
2025-10-22 07:55:34+00:00,23.8,64.4
2025-10-22 07:57:40+00:00,23.9,65.5
2025-10-22 07:59:46+00:00,23.7,59.3
2025-10-22 08:01:53+00:00,23.9,68.3
2025-10-22 08:03:58+00:00,23.9,59.9
2025-10-22 08:06:03+00:00,23.9,66.7
2025-10-22 08:08:08+00:00,24.0,64.3
2025-10-22 08:10:13+00:00,23.9,63.5
2025-10-22 08:12:20+00:00,24.1,68.9
2025-10-22 08:14:34+00:00,24.0,58.8
2025-10-22 08:16:41+00:00,24.0,65.4
2025-10-22 08:18:57+00:00,24.0,62.9
2025-10-22 08:21:03+00:00,23.9,63.9
2025-10-22 08:23:10+00:00,24.0,67.1
2025-10-22 08:25:22+00:00,23.7,61.1
2025-10-22 08:27:29+00:00,23.8,69.3
2025-10-22 08:29:35+00:00,23.7,60.8
2025-10-22 08:31:48+00:00,23.7,66.6
2025-10-22 08:33:57+00:00,23.7,65.1
2025-10-22 08:36:03+00:00,23.5,64.5
2025-10-22 08:38:12+00:00,23.7,69.6
2025-10-22 08:40:17+00:00,23.5,58.9
2025-10-22 08:42:22+00:00,23.4,66.6
2025-10-22 08:44:27+00:00,23.5,64.0
2025-10-22 08:46:33+00:00,23.3,62.2
2025-10-22 08:48:47+00:00,23.5,69.5
2025-10-22 08:50:58+00:00,23.3,60.1
2025-10-22 08:53:03+00:00,23.4,68.1
2025-10-22 08:55:08+00:00,23.4,62.1
2025-10-22 08:57:13+00:00,23.3,65.3
2025-10-22 08:59:18+00:00,23.5,66.8
2025-10-22 09:01:27+00:00,23.3,59.9
2025-10-22 09:03:38+00:00,23.5,68.5
2025-10-22 09:05:45+00:00,23.5,61.9
2025-10-22 09:07:52+00:00,23.4,65.6
2025-10-22 09:09:57+00:00,23.5,65.9
2025-10-22 09:12:01+00:00,23.3,62.2
2025-10-22 09:14:08+00:00,23.4,69.3
2025-10-22 09:16:13+00:00,23.2,59.6
2025-10-22 09:18:18+00:00,23.3,68.0
2025-10-22 09:20:23+00:00,23.3,64.2
2025-10-22 09:22:28+00:00,23.1,64.6
2025-10-22 09:24:37+00:00,23.3,67.8
2025-10-22 09:26:50+00:00,23.1,59.6
2025-10-22 09:28:58+00:00,23.2,67.6
2025-10-22 09:31:08+00:00,23.0,58.8
2025-10-22 09:33:15+00:00,23.0,65.4
2025-10-22 09:35:31+00:00,23.0,62.5
2025-10-22 09:37:36+00:00,22.8,63.2
2025-10-22 09:39:43+00:00,22.9,65.3
2025-10-22 09:41:48+00:00,22.7,59.7
2025-10-22 09:46:15+00:00,22.7,60.1
2025-10-22 09:48:20+00:00,22.7,66.4
2025-10-22 09:50:31+00:00,22.8,63.2
2025-10-22 09:52:38+00:00,22.7,63.3
2025-10-22 09:54:42+00:00,22.8,66.3
2025-10-22 09:56:53+00:00,22.6,59.9
2025-10-22 09:58:58+00:00,22.8,68.1
2025-10-22 10:01:10+00:00,22.6,60.1
2025-10-22 10:03:26+00:00,22.6,66.3
2025-10-22 10:05:33+00:00,22.7,63.7
2025-10-22 10:07:37+00:00,22.5,63.7
2025-10-22 10:09:44+00:00,22.7,67.1
2025-10-22 10:11:49+00:00,22.5,60.3
2025-10-22 10:33:40+00:00,22.7,62.4
2025-10-22 10:40:02+00:00,22.8,66.5
2025-10-22 10:57:03+00:00,22.5,61.9
2025-10-22 11:18:24+00:00,22.5,67.4
2025-10-22 11:20:31+00:00,22.6,64.8
2025-10-22 11:22:43+00:00,22.4,64.3
2025-10-22 11:42:03+00:00,22.3,60.1
2025-10-22 12:18:27+00:00,22.5,64.6
2025-10-22 12:20:20+00:00,22.7,66.1
2025-10-22 12:22:27+00:00,22.5,62.7
2025-10-22 12:24:42+00:00,22.7,70.0
2025-10-22 12:26:47+00:00,22.5,59.6
2025-10-22 12:29:01+00:00,22.6,68.4
2025-10-22 12:33:21+00:00,22.6,67.3
2025-10-22 12:35:25+00:00,22.7,66.3
2025-10-22 12:43:52+00:00,22.7,69.7
2025-10-22 12:58:49+00:00,22.8,71.4
2025-10-22 13:02:58+00:00,22.7,68.3
2025-10-22 13:17:41+00:00,22.7,65.3
2025-10-22 13:22:12+00:00,22.8,61.5
2025-10-22 13:26:41+00:00,22.8,62.0
2025-10-22 13:28:44+00:00,22.8,69.2
2025-10-22 13:30:48+00:00,22.9,65.7
2025-10-22 13:37:12+00:00,22.8,62.0
2025-10-22 13:39:22+00:00,22.8,62.6
2025-10-22 13:41:27+00:00,22.8,62.0
2025-10-22 13:43:34+00:00,22.8,68.4
2025-10-22 13:45:39+00:00,22.9,66.7
2025-10-22 13:47:44+00:00,22.8,65.8
2025-10-22 13:49:48+00:00,23.0,70.8
2025-10-22 13:51:53+00:00,22.7,62.3
2025-10-22 13:54:00+00:00,22.9,70.5
2025-10-22 13:56:07+00:00,22.9,65.2
2025-10-22 13:58:11+00:00,22.8,68.1
2025-10-22 14:00:21+00:00,23.0,68.9
2025-10-22 14:02:29+00:00,22.8,64.3
2025-10-22 14:04:34+00:00,23.0,72.3
2025-10-22 14:06:38+00:00,22.9,62.5
2025-10-22 14:08:46+00:00,22.9,70.7
2025-10-22 14:10:50+00:00,23.0,66.8
2025-10-22 14:12:55+00:00,22.9,67.3
2025-10-22 14:15:00+00:00,23.1,70.8
2025-10-22 23:04:38+00:00,149.0,93.0
2025-10-22 23:06:42+00:00,21.2,83.9
2025-10-22 23:08:47+00:00,21.1,71.3
2025-10-22 23:10:51+00:00,21.2,74.1
2025-10-22 23:12:55+00:00,21.6,76.5
2025-10-22 23:15:00+00:00,22.0,76.8
2025-10-22 23:17:05+00:00,22.3,76.6
2025-10-22 23:19:09+00:00,22.5,76.3
2025-10-22 23:21:16+00:00,22.4,63.9
2025-10-22 23:23:22+00:00,22.4,68.8
2025-10-22 23:25:27+00:00,22.6,71.7
2025-10-22 23:35:50+00:00,23.1,69.3
2025-10-22 23:37:54+00:00,23.3,70.8
2025-10-22 23:39:58+00:00,23.3,66.3
2025-10-22 23:44:07+00:00,23.2,68.8
2025-10-22 23:50:21+00:00,23.0,66.1
2025-10-22 23:54:29+00:00,23.3,70.1
2025-10-23 00:00:44+00:00,23.1,70.5
2025-10-23 00:02:48+00:00,23.1,65.3
2025-10-23 00:07:00+00:00,23.1,70.5
2025-10-23 00:09:05+00:00,23.2,67.3
2025-10-23 00:17:23+00:00,22.9,62.3
2025-10-23 00:19:30+00:00,23.1,69.5
2025-10-23 00:21:34+00:00,23.2,71.7
2025-10-23 00:27:48+00:00,23.1,71.9
2025-10-23 00:29:52+00:00,23.0,61.4
2025-10-23 00:31:58+00:00,22.9,66.8
2025-10-23 00:34:03+00:00,23.1,69.9
2025-10-23 00:36:07+00:00,23.2,67.4
2025-10-23 00:38:14+00:00,22.9,61.6
2025-10-23 00:40:20+00:00,23.0,67.9
2025-10-23 00:42:24+00:00,23.2,69.5
2025-10-23 00:44:29+00:00,23.1,60.9
2025-10-23 00:48:42+00:00,23.0,68.1
2025-10-23 00:50:47+00:00,23.2,67.4
2025-10-23 00:52:51+00:00,23.0,59.1
2025-10-23 00:54:56+00:00,23.1,66.3
2025-10-23 00:57:02+00:00,23.2,68.1
2025-10-23 00:59:08+00:00,23.2,59.8
2025-10-23 01:01:12+00:00,23.0,64.3
2025-10-23 01:03:16+00:00,23.2,69.0
2025-10-23 01:05:23+00:00,23.2,63.1
2025-10-23 01:07:28+00:00,23.0,65.5
2025-10-23 01:11:40+00:00,23.3,67.4
2025-10-23 01:32:36+00:00,23.2,63.6
2025-10-23 01:34:41+00:00,23.4,64.1
2025-10-23 01:38:52+00:00,23.4,65.9
2025-10-23 02:26:39+00:00,24.7,57.2
2025-10-23 02:28:48+00:00,24.9,67.2
2025-10-23 02:41:27+00:00,24.8,60.7
2025-10-23 02:43:32+00:00,24.9,69.1
2025-10-23 02:45:40+00:00,24.9,65.1
2025-10-23 02:56:22+00:00,24.8,61.5
2025-10-23 02:58:26+00:00,24.8,67.0
2025-10-23 03:55:11+00:00,25.0,65.5
2025-10-23 03:57:16+00:00,25.2,70.5
2025-10-23 03:59:20+00:00,25.0,60.1
2025-10-23 04:01:26+00:00,25.0,68.3
2025-10-23 04:03:32+00:00,25.1,66.1
2025-10-23 04:05:36+00:00,24.9,62.9
2025-10-23 04:26:38+00:00,24.6,62.3
2025-10-23 04:28:44+00:00,24.8,65.7
2025-10-23 04:39:09+00:00,24.4,61.8
2025-10-23 05:02:35+00:00,24.2,64.8
2025-10-23 05:25:51+00:00,24.1,59.0
2025-10-23 05:34:20+00:00,24.1,63.7
2025-10-23 05:55:35+00:00,23.8,58.9
2025-10-23 05:57:39+00:00,23.8,66.5
2025-10-23 05:59:44+00:00,23.8,62.3
2025-10-23 06:02:16+00:00,23.7,64.8
2025-10-23 06:04:21+00:00,23.7,64.6
2025-10-23 06:19:07+00:00,23.7,67.5
2025-10-23 06:29:45+00:00,23.8,63.6
2025-10-23 06:31:57+00:00,23.6,62.9
2025-10-23 06:34:03+00:00,23.7,66.6
2025-10-23 06:36:12+00:00,23.5,60.3
2025-10-23 06:38:17+00:00,23.6,68.5
2025-10-23 06:40:22+00:00,23.6,60.5
2025-10-23 06:42:33+00:00,23.5,66.3
2025-10-23 06:44:38+00:00,23.7,64.7
2025-10-23 06:46:45+00:00,23.5,63.6
2025-10-23 06:50:54+00:00,23.4,60.0
2025-10-23 06:52:58+00:00,23.5,68.4
2025-10-23 06:55:02+00:00,23.5,63.1
2025-10-23 06:57:07+00:00,23.4,65.8
2025-10-23 06:59:11+00:00,23.5,65.7
2025-10-23 07:11:43+00:00,23.3,65.0
2025-10-23 07:50:06+00:00,23.6,64.8
2025-10-23 08:02:50+00:00,23.4,69.8
2025-10-23 08:04:54+00:00,23.5,66.5
2025-10-23 08:27:57+00:00,23.4,69.7
2025-10-23 08:34:17+00:00,23.5,69.2
2025-10-23 08:40:38+00:00,23.4,62.8
2025-10-23 08:42:46+00:00,23.4,69.0
2025-10-23 08:47:01+00:00,23.3,66.4
2025-10-23 08:55:25+00:00,23.5,62.3
2025-10-23 09:33:28+00:00,23.7,70.7
2025-10-23 09:39:44+00:00,23.7,66.8
2025-10-23 09:41:48+00:00,23.5,65.1
2025-10-23 09:43:52+00:00,23.7,71.5
2025-10-23 09:50:10+00:00,23.6,65.3
2025-10-23 09:52:14+00:00,23.5,67.2
2025-10-23 09:54:19+00:00,23.7,69.5
2025-10-23 09:56:23+00:00,23.5,62.8
2025-10-23 09:58:28+00:00,23.6,71.0
2025-10-23 10:00:32+00:00,23.6,63.8
2025-10-23 10:02:36+00:00,23.6,68.5
2025-10-23 10:40:23+00:00,23.6,64.6
2025-10-23 10:42:28+00:00,23.5,65.8
2025-10-23 10:44:32+00:00,23.6,67.4
2025-10-23 10:56:58+00:00,23.3,65.5
2025-10-23 10:59:03+00:00,23.5,71.8
2025-10-23 11:05:26+00:00,23.3,64.7
2025-10-23 11:07:39+00:00,23.3,68.0
2025-10-23 11:26:36+00:00,23.0,63.2
2025-10-23 11:32:57+00:00,23.1,69.4
2025-10-23 11:52:12+00:00,23.2,64.9
2025-10-23 11:54:24+00:00,23.5,71.3
2025-10-23 12:13:49+00:00,23.5,69.5
2025-10-23 12:15:54+00:00,23.5,62.0
2025-10-23 12:30:56+00:00,23.7,62.2
2025-10-23 12:41:43+00:00,23.7,61.0
2025-10-23 13:15:52+00:00,23.2,62.0
2025-10-23 13:26:31+00:00,23.0,59.7
2025-10-23 13:41:31+00:00,22.9,60.6
2025-10-23 13:43:38+00:00,23.0,68.5
2025-10-23 13:49:56+00:00,23.1,67.1
2025-10-23 13:52:00+00:00,22.9,62.9
2025-10-23 13:54:07+00:00,23.1,70.2
2025-10-23 14:04:40+00:00,23.4,68.7
2025-10-23 14:06:44+00:00,23.2,60.8
2025-10-23 14:19:21+00:00,23.6,69.0
2025-10-23 14:21:26+00:00,23.4,59.1
2025-10-23 14:23:31+00:00,23.5,67.5
2025-10-23 14:31:56+00:00,23.3,61.3
2025-10-23 23:11:38+00:00,20.3,80.3
2025-10-23 23:13:43+00:00,20.9,80.5
2025-10-23 23:15:47+00:00,21.1,81.7
2025-10-23 23:17:52+00:00,21.4,82.0
2025-10-23 23:19:56+00:00,21.7,76.6
2025-10-23 23:22:02+00:00,21.6,69.5
2025-10-23 23:24:06+00:00,21.8,75.4
2025-10-23 23:26:11+00:00,22.1,77.1
2025-10-23 23:28:16+00:00,22.3,77.7
2025-10-23 23:30:20+00:00,22.4,69.4
2025-10-23 23:32:25+00:00,22.2,69.0
2025-10-23 23:34:29+00:00,22.4,73.7
2025-10-23 23:36:34+00:00,22.6,75.4
2025-10-23 23:38:38+00:00,22.7,76.1
2025-10-23 23:40:43+00:00,22.6,64.4
2025-10-23 23:42:47+00:00,22.5,70.7
2025-10-23 23:44:52+00:00,22.6,74.1
2025-10-23 23:46:57+00:00,22.8,75.4
2025-10-23 23:49:02+00:00,22.8,67.5
2025-10-23 23:51:10+00:00,22.6,68.5
2025-10-23 23:53:15+00:00,22.7,73.0
2025-10-23 23:55:19+00:00,22.8,75.1
2025-10-23 23:57:24+00:00,22.7,64.4
2025-10-23 23:59:29+00:00,22.6,69.9
2025-10-24 00:01:33+00:00,22.7,73.4
2025-10-24 00:03:38+00:00,22.9,74.1
2025-10-24 00:05:42+00:00,22.6,63.1
2025-10-24 00:07:47+00:00,22.7,70.7
2025-10-24 00:09:51+00:00,22.8,73.3
2025-10-24 00:11:56+00:00,22.9,71.0
2025-10-24 00:14:01+00:00,22.7,64.4
2025-10-24 00:16:05+00:00,22.8,70.8
2025-10-24 00:18:09+00:00,23.0,72.3
2025-10-24 00:20:14+00:00,23.0,61.5
2025-10-24 00:22:18+00:00,23.0,66.9
2025-10-24 00:24:23+00:00,23.2,69.6
2025-10-24 00:26:27+00:00,23.2,64.5
2025-10-24 00:28:33+00:00,23.1,64.9
2025-10-24 00:30:38+00:00,23.2,69.7
2025-10-24 00:32:42+00:00,23.3,65.0
2025-10-24 00:34:46+00:00,23.2,64.1
2025-10-24 00:36:51+00:00,23.4,69.1
2025-10-24 00:38:55+00:00,23.4,62.8
2025-10-24 00:40:59+00:00,23.3,64.4
2025-10-24 00:43:05+00:00,23.4,68.8
2025-10-24 00:45:09+00:00,23.4,63.8
2025-10-24 00:47:14+00:00,23.4,64.4
2025-10-24 00:49:18+00:00,23.6,68.5
2025-10-24 00:51:23+00:00,23.5,59.1
2025-10-24 00:53:27+00:00,23.5,65.3
2025-10-24 00:55:33+00:00,23.6,68.2
2025-10-24 00:57:37+00:00,23.4,58.1
2025-10-24 00:59:41+00:00,23.5,66.9
2025-10-24 01:01:45+00:00,23.6,62.6
2025-10-24 01:03:50+00:00,23.4,63.6
2025-10-24 01:05:54+00:00,23.6,68.7
2025-10-24 01:07:59+00:00,23.5,58.1
2025-10-24 01:10:03+00:00,23.6,66.6
2025-10-24 01:12:07+00:00,23.6,62.6
2025-10-24 01:14:15+00:00,23.5,63.6
2025-10-24 01:16:19+00:00,23.7,67.4
2025-10-24 01:18:24+00:00,23.6,59.3
2025-10-24 01:20:31+00:00,23.7,67.5
2025-10-24 01:22:38+00:00,23.7,60.6
2025-10-24 01:24:43+00:00,23.6,66.4
2025-10-24 01:26:48+00:00,23.8,65.9
2025-10-24 01:28:52+00:00,23.6,63.3
2025-10-24 01:30:57+00:00,23.8,70.6
2025-10-24 02:02:04+00:00,24.4,64.6
2025-10-24 02:04:12+00:00,24.3,63.4
2025-10-24 02:10:26+00:00,24.6,67.2
2025-10-24 02:12:31+00:00,24.7,61.1
2025-10-24 02:14:35+00:00,24.7,64.5
2025-10-24 02:16:40+00:00,24.8,65.9
2025-10-24 02:22:54+00:00,25.0,59.8
2025-10-24 02:24:59+00:00,25.0,66.2
2025-10-24 02:33:19+00:00,25.1,60.4
2025-10-24 02:44:04+00:00,25.4,62.7
2025-10-24 02:54:30+00:00,25.5,65.1
2025-10-24 03:11:29+00:00,26.0,70.6
2025-10-24 04:02:23+00:00,25.2,63.7
2025-10-24 04:06:39+00:00,25.1,68.0
2025-10-24 04:08:44+00:00,24.9,59.8
2025-10-24 04:10:55+00:00,25.0,67.8
2025-10-24 04:13:09+00:00,24.9,61.5
2025-10-24 04:15:21+00:00,24.8,67.1
2025-10-24 05:16:26+00:00,23.9,69.4
2025-10-24 05:18:33+00:00,23.7,59.4
2025-10-24 05:42:05+00:00,23.6,68.1
2025-10-24 05:44:11+00:00,23.3,63.0
2025-10-24 05:46:16+00:00,23.5,70.7
2025-10-24 05:52:33+00:00,23.5,66.4
2025-10-24 06:07:12+00:00,23.6,69.4
2025-10-24 06:22:11+00:00,23.8,69.8
2025-10-24 06:24:15+00:00,23.6,63.1
2025-10-24 06:26:20+00:00,23.7,71.1
2025-10-24 06:28:29+00:00,23.6,62.1
2025-10-24 06:40:57+00:00,23.5,69.4
2025-10-24 06:43:01+00:00,23.5,63.1
2025-10-24 07:06:14+00:00,23.4,68.4
2025-10-24 07:08:18+00:00,23.4,62.1
2025-10-24 07:12:27+00:00,23.5,66.6
2025-10-24 07:16:40+00:00,23.6,72.2
2025-10-24 07:18:44+00:00,23.5,62.6
2025-10-24 07:25:13+00:00,23.6,68.9
2025-10-24 07:35:50+00:00,23.9,69.9
2025-10-24 07:37:54+00:00,24.0,65.1
2025-10-24 07:48:25+00:00,23.6,66.9
2025-10-24 07:50:30+00:00,23.8,66.5
2025-10-24 07:52:36+00:00,23.5,57.5
2025-10-24 07:54:43+00:00,23.7,68.2
2025-10-24 07:56:47+00:00,23.7,64.3
2025-10-24 08:00:59+00:00,23.7,69.6
2025-10-24 08:03:05+00:00,23.7,61.0
2025-10-24 08:05:10+00:00,23.5,64.0
2025-10-24 08:07:14+00:00,23.7,68.9
2025-10-24 08:09:19+00:00,23.6,58.9
2025-10-24 08:11:24+00:00,23.6,67.0
2025-10-24 08:13:28+00:00,23.8,66.2
2025-10-24 08:15:33+00:00,23.6,58.0
2025-10-24 08:17:37+00:00,23.7,68.5
2025-10-24 08:19:41+00:00,23.8,63.3
2025-10-24 08:21:45+00:00,23.5,56.5
2025-10-24 08:23:50+00:00,23.6,68.1
2025-10-24 08:38:22+00:00,23.5,60.3
2025-10-24 08:49:00+00:00,23.6,59.5
2025-10-24 08:51:07+00:00,23.7,69.0
2025-10-24 08:55:22+00:00,23.5,62.4
2025-10-24 09:10:09+00:00,23.3,59.8
2025-10-24 09:12:18+00:00,23.3,68.7
2025-10-24 09:14:25+00:00,23.3,63.0
2025-10-24 09:16:34+00:00,23.2,66.5
2025-10-24 09:20:48+00:00,23.2,62.3
2025-10-24 09:27:22+00:00,23.5,64.6
2025-10-24 09:29:26+00:00,23.5,64.2
2025-10-24 09:50:14+00:00,23.4,61.7
2025-10-24 10:15:27+00:00,23.2,62.6
2025-10-24 10:28:03+00:00,23.2,69.2
2025-10-24 10:55:55+00:00,23.2,62.6
2025-10-24 11:08:48+00:00,23.1,68.9
2025-10-24 11:10:53+00:00,23.1,62.2
2025-10-24 11:29:57+00:00,23.5,57.3
2025-10-24 11:40:30+00:00,23.8,66.5
2025-10-24 11:42:42+00:00,23.7,58.3
2025-10-24 11:44:49+00:00,23.7,62.9
2025-10-24 11:47:00+00:00,23.8,65.6
2025-10-24 11:51:09+00:00,23.8,63.6
2025-10-24 11:53:14+00:00,23.9,65.8
2025-10-24 12:01:31+00:00,23.8,58.3
2025-10-24 12:03:37+00:00,23.7,61.2
2025-10-24 12:05:41+00:00,23.9,67.3
